id	kind	context	earlier	gold	new	why
C01	같은 변경 다른 표현	U:1000자로 늘려줘 / A:늘렸습니다	add: 도메인 설명 제한을 1000자로 늘렸다	merge	update F16: 도메인 설명 길이는 생성·수정 모두 1000자	같은 변경을 두 번 기록
C02	같은 변경 순서 반대	U:1000자로 늘려줘	update F16: 도메인 설명 길이는 생성·수정 모두 1000자	merge	add: 설명 길이 제한은 이제 1000자다	수정이 먼저, 보고가 나중
C03	값 표기 다름	U:천 자로 늘려줘	add: 설명 제한을 천 자로 늘렸다	merge	update F16: 도메인 설명 길이는 생성·수정 모두 1000자	천 자 = 1000자
C04	값 표기 다름	U:1,000자로	add: 설명 제한을 1,000자로 올렸다	merge	update F16: 도메인 설명 길이는 생성·수정 모두 1000자	1,000 = 1000
C05	같은 주제 다른 부분	U:설명은 1000자로, 검색은 50개로 늘려줘	update F16: 도메인 설명 길이는 생성·수정 모두 1000자	separate	update F30: 검색 결과는 한 페이지에 50개까지 보여 준다	다른 조각 다른 변경
C06	같은 영역 다른 규칙	U:설명 1000자로 늘리고 마크다운은 막아줘	add: 도메인 설명은 마크다운을 허용하지 않는다	separate	update F16: 도메인 설명 길이는 생성·수정 모두 1000자	다른 규칙
C07	우연히 같은 숫자	U:설명 1000자로 / A:검색도 확인함	update F16: 도메인 설명 길이는 생성·수정 모두 1000자	separate	add: 검색 결과는 최대 1000개까지 가져온다	숫자만 같음
C08	우연히 같은 숫자	A:캐시 설정 확인	add: 캐시는 1000초 뒤 만료된다	separate	update F16: 도메인 설명 길이는 생성·수정 모두 1000자	숫자만 같음
C09	같은 조각 다른 부분	U:설명 1000자로 늘리고, 줄바꿈도 지워줘	update F9: describe 는 설명이 1000자를 넘으면 오류로 거부하고, 앞뒤 공백을 제거한다	combine	update F9: describe 는 설명이 300자를 넘으면 오류로 거부하고, 앞뒤 공백과 줄바꿈을 제거한다	둘 다 반영해야 함(원문 F9: 300자·공백 제거)
C10	같은 조각 겹치는 수정	U:1000자로 → U:아니 800자로	update F9: describe 는 설명이 1000자를 넘으면 오류로 거부하고, 앞뒤 공백을 제거한다	replace	update F9: describe 는 설명이 800자를 넘으면 오류로 거부하고, 앞뒤 공백을 제거한다	나중 결정이 이김
C11	마음을 바꿈	U:1000자로 → U:아니 800자로 하자	add: 설명 제한을 1000자로 늘렸다	replace	update F16: 도메인 설명 길이는 생성·수정 모두 800자	1000자는 폐기
C12	마음을 바꿈(반대 순서)	U:1000자로 → U:다시 생각해보니 500자	update F16: 도메인 설명 길이는 생성·수정 모두 1000자	replace	add: 도메인 설명 제한은 500자다	500자가 최종
C13	자기 기록 정정	A:생성 때만 자릅니다 → A:확인해 보니 수정 때도 적용됩니다	add: 설명은 생성 때만 1000자로 자른다	replace	add: 설명은 생성·수정 모두 1000자로 제한된다	앞 기록이 틀림
C14	부정(의도 있음)	U:넘치면 자르지 말고 거부해	add: 생성 시 초과분은 잘라 저장한다	replace	add: 생성 시 초과분은 자르지 않고 오류로 거부한다	사용자가 동작을 바꿈
C15	부정(의도 없음)	A:코드를 읽음(변경 요청 없음)	add(user_confirmed): 생성 시 초과분은 잘라 저장한다	conflict	add(code_test): 생성 시 초과 설명은 오류로 거부된다	둘 중 무엇이 맞는지 모름
C16	범위만 좁힘	U:수정은 300자 그대로 두고 생성만 늘려	update F16: 도메인 설명 길이는 생성·수정 모두 1000자	replace	update F16: 도메인 설명 길이는 생성 1000자, 수정 300자	나중 범위가 최종
C17	구체화	U:1000자로	add: 도메인 설명 제한을 늘렸다	merge	update F16: 도메인 설명 길이는 생성·수정 모두 1000자	구체적인 쪽 남김
C18	세부 추가	U:1000자로, 넘치면 생성은 자르고 수정은 거부	add: 설명 제한은 1000자다	merge	add: 설명 제한은 1000자이며 초과분은 생성 때 자르고 수정 때 거부한다	나중 것이 앞 내용을 다 포함
C19	출처 모순(사용자 vs 코드)	U:1000자로 / A:코드는 800에서 자르고 있습니다	add(user_confirmed): 설명 제한은 1000자다	conflict	add(code_test): domain_router 는 설명을 800자에서 자른다	의도와 코드가 다름
C20	관계없음	U:예약 정렬과 버튼 색 바꿔줘	add: 예약 목록은 날짜 오름차순으로 정렬한다	separate	add: 로그인 버튼은 파란색이다	다른 주제
C21	관계없음(같은 화면)	U:예약 목록 정렬 바꾸고 페이지 크기도 정해줘	update F40: 예약 목록은 날짜 내림차순으로 정렬한다	separate	add: 예약 목록 페이지 크기는 20개다	다른 규칙
C22	식별자로 같은 변경	U:1000자로	add: MAX_DESC 를 1000 으로 바꿨다	merge	update F16: 도메인 설명 길이는 생성·수정 모두 1000자	같은 변경(코드 표현)
C23	같은 값 다른 사실	U:검색 50개로, 모바일도 같게	update F30: 검색 결과는 한 페이지에 50개까지 보여 준다	separate	add: 모바일 검색 결과 페이지 크기도 50개다	새 사실 추가
C24	규칙·동작 표현 차이	U:1000자 넘으면 거부	add: 1000자를 넘는 설명은 저장할 수 없다	merge	update F9: describe 는 설명이 1000자를 넘으면 오류로 거부하고, 앞뒤 공백을 제거한다	같은 규칙
C25	앞 기록이 더 많은 내용	U:설명 1000자, 이름 50자로	add: 설명은 1000자, 이름은 50자로 늘렸다	separate	update F16: 도메인 설명 길이는 생성·수정 모두 1000자	합치면 이름 50자가 사라짐
C26	임시값 후 최종값	U:테스트로 5자로 줄여봐 → U:끝났으니 1000자로	add: 설명 제한을 5자로 줄였다	replace	update F16: 도메인 설명 길이는 생성·수정 모두 1000자	5자는 임시
C27	같은 값 다른 대상	U:설명 1000자, 도메인 이름도 1000자로	update F16: 도메인 설명 길이는 생성·수정 모두 1000자	separate	add: 도메인 이름 길이는 1000자로 제한한다	대상이 다름
C28	단위 변경	U:글자 말고 바이트로 세자	add: 설명 제한은 1000자다	replace	add: 설명 제한은 1000바이트다	단위가 바뀜
C29	완전히 같은 문장	U:1000자로	add: 도메인 설명 길이는 생성·수정 모두 1000자	merge	add: 도메인 설명 길이는 생성·수정 모두 1000자	그대로 중복
C30	조건 추가(예외)	U:1000자로, 관리자는 제한 없음	update F16: 도메인 설명 길이는 생성·수정 모두 1000자	separate	add: 관리자가 쓴 도메인 설명은 길이 제한이 없다	예외는 별도 사실
